{
  "info": {
    "name": "E-Commerce API Testing Collection",
    "description": "Comprehensive API testing collection for e-commerce platform demonstrating Postman capabilities",
    "schema": "https://schema.getpostman.com/json/collection/v2.1.0/collection.json",
    "author": "Muhammad Yasin Asif"
  },
  "variable": [
    {
      "key": "base_url",
      "value": "https://api.ecommerce-demo.com",
      "type": "string"
    },
    {
      "key": "auth_token",
      "value": "your_auth_token_here",
      "type": "string"
    }
  ],
  "auth": {
    "type": "bearer",
    "bearer": [
      {
        "key": "token",
        "value": "{{auth_token}}",
        "type": "string"
      }
    ]
  },
  "item": [
    {
      "name": "Authentication",
      "item": [
        {
          "name": "Login User",
          "request": {
            "method": "POST",
            "header": [
              {
                "key": "Content-Type",
                "value": "application/json"
              }
            ],
            "body": {
              "mode": "raw",
              "raw": "{\n  \"email\": \"user@example.com\",\n  \"password\": \"password123\"\n}"
            },
            "url": {
              "raw": "{{base_url}}/auth/login",
              "host": ["{{base_url}}"],
              "path": ["auth", "login"]
            }
          },
          "response": [],
          "event": [
            {
              "listen": "test",
              "script": {
                "exec": [
                  "pm.test(\"Status code is 200\", function () {",
                  "    pm.response.to.have.status(200);",
                  "});",
                  "",
                  "pm.test(\"Response has token\", function () {",
                  "    var jsonData = pm.response.json();",
                  "    pm.expect(jsonData.token).to.exist;",
                  "});",
                  "",
                  "pm.test(\"Response time is less than 2000ms\", function () {",
                  "    pm.expect(pm.response.responseTime).to.be.below(2000);",
                  "});",
                  "",
                  "// Set auth token for subsequent requests",
                  "if (pm.response.code === 200) {",
                  "    var jsonData = pm.response.json();",
                  "    pm.environment.set(\"auth_token\", jsonData.token);",
                  "}"
                ]
              }
            }
          ]
        },
        {
          "name": "Register User",
          "request": {
            "method": "POST",
            "header": [
              {
                "key": "Content-Type",
                "value": "application/json"
              }
            ],
            "body": {
              "mode": "raw",
              "raw": "{\n  \"name\": \"John Doe\",\n  \"email\": \"john.doe@example.com\",\n  \"password\": \"securepassword123\",\n  \"confirmPassword\": \"securepassword123\"\n}"
            },
            "url": {
              "raw": "{{base_url}}/auth/register",
              "host": ["{{base_url}}"],
              "path": ["auth", "register"]
            }
          },
          "response": []
        }
      ]
    },
    {
      "name": "Products",
      "item": [
        {
          "name": "Get All Products",
          "request": {
            "method": "GET",
            "header": [],
            "url": {
              "raw": "{{base_url}}/products?page=1&limit=10",
              "host": ["{{base_url}}"],
              "path": ["products"],
              "query": [
                {
                  "key": "page",
                  "value": "1"
                },
                {
                  "key": "limit",
                  "value": "10"
                }
              ]
            }
          },
          "response": [],
          "event": [
            {
              "listen": "test",
              "script": {
                "exec": [
                  "pm.test(\"Status code is 200\", function () {",
                  "    pm.response.to.have.status(200);",
                  "});",
                  "",
                  "pm.test(\"Response has products array\", function () {",
                  "    var jsonData = pm.response.json();",
                  "    pm.expect(jsonData.products).to.be.an('array');",
                  "});",
                  "",
                  "pm.test(\"Products have required fields\", function () {",
                  "    var jsonData = pm.response.json();",
                  "    if (jsonData.products.length > 0) {",
                  "        var product = jsonData.products[0];",
                  "        pm.expect(product).to.have.property('id');",
                  "        pm.expect(product).to.have.property('name');",
                  "        pm.expect(product).to.have.property('price');",
                  "    }",
                  "});"
                ]
              }
            }
          ]
        },
        {
          "name": "Get Product by ID",
          "request": {
            "method": "GET",
            "header": [],
            "url": {
              "raw": "{{base_url}}/products/1",
              "host": ["{{base_url}}"],
              "path": ["products", "1"]
            }
          },
          "response": []
        },
        {
          "name": "Search Products",
          "request": {
            "method": "GET",
            "header": [],
            "url": {
              "raw": "{{base_url}}/products/search?q=laptop",
              "host": ["{{base_url}}"],
              "path": ["products", "search"],
              "query": [
                {
                  "key": "q",
                  "value": "laptop"
                }
              ]
            }
          },
          "response": []
        }
      ]
    },
    {
      "name": "Cart",
      "item": [
        {
          "name": "Add Item to Cart",
          "request": {
            "method": "POST",
            "header": [
              {
                "key": "Content-Type",
                "value": "application/json"
              }
            ],
            "body": {
              "mode": "raw",
              "raw": "{\n  \"productId\": 1,\n  \"quantity\": 2\n}"
            },
            "url": {
              "raw": "{{base_url}}/cart/add",
              "host": ["{{base_url}}"],
              "path": ["cart", "add"]
            }
          },
          "response": []
        },
        {
          "name": "Get Cart",
          "request": {
            "method": "GET",
            "header": [],
            "url": {
              "raw": "{{base_url}}/cart",
              "host": ["{{base_url}}"],
              "path": ["cart"]
            }
          },
          "response": []
        },
        {
          "name": "Update Cart Item",
          "request": {
            "method": "PUT",
            "header": [
              {
                "key": "Content-Type",
                "value": "application/json"
              }
            ],
            "body": {
              "mode": "raw",
              "raw": "{\n  \"productId\": 1,\n  \"quantity\": 3\n}"
            },
            "url": {
              "raw": "{{base_url}}/cart/update",
              "host": ["{{base_url}}"],
              "path": ["cart", "update"]
            }
          },
          "response": []
        },
        {
          "name": "Remove Item from Cart",
          "request": {
            "method": "DELETE",
            "header": [],
            "url": {
              "raw": "{{base_url}}/cart/remove/1",
              "host": ["{{base_url}}"],
              "path": ["cart", "remove", "1"]
            }
          },
          "response": []
        }
      ]
    },
    {
      "name": "Orders",
      "item": [
        {
          "name": "Create Order",
          "request": {
            "method": "POST",
            "header": [
              {
                "key": "Content-Type",
                "value": "application/json"
              }
            ],
            "body": {
              "mode": "raw",
              "raw": "{\n  \"shippingAddress\": {\n    \"street\": \"123 Main St\",\n    \"city\": \"New York\",\n    \"state\": \"NY\",\n    \"zipCode\": \"10001\",\n    \"country\": \"USA\"\n  },\n  \"paymentMethod\": \"credit_card\",\n  \"items\": [\n    {\n      \"productId\": 1,\n      \"quantity\": 2\n    }\n  ]\n}"
            },
            "url": {
              "raw": "{{base_url}}/orders",
              "host": ["{{base_url}}"],
              "path": ["orders"]
            }
          },
          "response": []
        },
        {
          "name": "Get Order History",
          "request": {
            "method": "GET",
            "header": [],
            "url": {
              "raw": "{{base_url}}/orders",
              "host": ["{{base_url}}"],
              "path": ["orders"]
            }
          },
          "response": []
        },
        {
          "name": "Get Order by ID",
          "request": {
            "method": "GET",
            "header": [],
            "url": {
              "raw": "{{base_url}}/orders/1",
              "host": ["{{base_url}}"],
              "path": ["orders", "1"]
            }
          },
          "response": []
        }
      ]
    },
    {
      "name": "Error Testing",
      "item": [
        {
          "name": "Invalid Login",
          "request": {
            "method": "POST",
            "header": [
              {
                "key": "Content-Type",
                "value": "application/json"
              }
            ],
            "body": {
              "mode": "raw",
              "raw": "{\n  \"email\": \"invalid@example.com\",\n  \"password\": \"wrongpassword\"\n}"
            },
            "url": {
              "raw": "{{base_url}}/auth/login",
              "host": ["{{base_url}}"],
              "path": ["auth", "login"]
            }
          },
          "response": [],
          "event": [
            {
              "listen": "test",
              "script": {
                "exec": [
                  "pm.test(\"Status code is 401\", function () {",
                  "    pm.response.to.have.status(401);",
                  "});",
                  "",
                  "pm.test(\"Error message is present\", function () {",
                  "    var jsonData = pm.response.json();",
                  "    pm.expect(jsonData.message).to.exist;",
                  "});"
                ]
              }
            }
          ]
        },
        {
          "name": "Invalid Product ID",
          "request": {
            "method": "GET",
            "header": [],
            "url": {
              "raw": "{{base_url}}/products/999999",
              "host": ["{{base_url}}"],
              "path": ["products", "999999"]
            }
          },
          "response": []
        }
      ]
    }
  ]
} 