{
	"id": "85118594-ad10-46f9-9ec6-a249cd474e01",
	"name": "eCommerce-API",
	"values": [
		{
			"key": "base_url",
			"value": "https://dummyjson.com",
			"type": "default",
			"description": "",
			"enabled": true
		},
		{
			"key": "username",
			"value": "emilys",
			"type": "default",
			"description": "",
			"enabled": true
		},
		{
			"key": "password",
			"value": "emilyspass",
			"type": "default",
			"description": "",
			"enabled": true
		}
	],
	"_postman_variable_scope": "environment",
	"_postman_exported_at": "2025-09-06T08:09:57.372Z",
	"_postman_exported_using": "Postman/11.60.1"
}